time,Volume,Tot Inflow Vol,Tot Outflow Vol,Overflow Vol,Evaporation,Rain,Lake Level,Surface Area,Black Ice,Snow,White Ice,Max Temp,Min Temp,Surface Temp,Daily Qsw,Daily Qe,Daily Qh,Daily Qlw,Light,Benthic Light,H_s,L,T,LakeNumber,Max dT/dz,CD
2000-04-01 24:00:00,3711200.000000,    0.000000,    0.000000,    0.000000,    0.000000,    0.000000,   40.000000,  161.000000,    0.000000,    0.000000,    0.000000,   17.641123,   17.641123,   17.641123,    0.000000,    0.000000,    0.000000,-5569281758.214380,    0.000000,  100.000000,    0.000000,    0.000000,    0.000000,    0.000000,    0.278598,-9999.000000
2000-04-02 24:00:00,3710920.901559,    0.000000,    0.000000,    0.000000, -277.608530,    0.000000,   39.998276,  160.998290,    0.000000,    0.000000,    0.000000,   17.876488,   17.616805,   17.876488,3129562867.241499,-680973723.946472,322682625.746198,-772061521.283659,    0.000000,  100.000000,    0.188501,    4.669515,    1.729384,    0.125961,    0.274072,-9999.000000
2000-04-03 24:00:00,3710840.603159,    0.000000,    0.000000,    0.000000,  -79.869172,    0.000000,   39.997780,  160.997799,    0.000000,    0.000000,    0.000000,   17.977938,   17.616838,   17.977938,3108823468.648792,-195919077.966166,109475102.226930,-1452711042.691182,    0.000000,  100.000000,    0.028866,    0.791023,    0.711787,    2.362129,    0.369221,-9999.000000
2000-04-04 24:00:00,3710756.939531,    0.000000,    0.000000,    0.000000,  -83.216150,    0.000000,   39.997263,  160.997286,    0.000000,    0.000000,    0.000000,   18.130945,   17.616838,   18.130945,2961296032.814154,-204129215.015901,64739552.145502,-1577129459.560746,    0.000000,  100.000000,    0.054224,    1.421299,    0.954109,    1.585120,    0.253110,-9999.000000
2000-04-05 24:00:00,3710717.540923,    0.000000,    0.000000,    0.000000,  -39.187787,    0.000000,   39.997019,  160.997045,    0.000000,    0.000000,    0.000000,   18.742544,   17.616838,   18.742544,3125378514.650047,-96127640.642739,36941008.417066,-1435317608.033693,    0.000000,  100.000000,    0.066962,    1.733635,    1.053742,    1.155498,    0.642848,-9999.000000
2000-04-06 24:00:00,3710625.157984,    0.000000,    0.000000,    0.000000,  -91.888394,    0.000000,   39.996449,  160.996479,    0.000000,    0.000000,    0.000000,   18.798836,   17.616838,   18.798836,3089999671.606920,-225402231.090026,171500494.976000,-1154998083.703216,    0.000000,  100.000000,    0.464151,   10.940604,    2.647135,    0.122146,    0.287462,-9999.000000
2000-04-07 24:00:00,3710098.062087,    0.000000,    0.000000,    0.000000, -524.268201,    0.000000,   39.993192,  160.993250,    0.000000,    0.000000,    0.000000,   18.471969,   17.616838,   18.471969,3897085018.985959,-1286029897.431742,316807505.865021,-1418311447.759963,    0.000000,  100.000000,    0.060475,    1.574752,    1.004296,    2.889194,    0.367194,-9999.000000
2000-04-08 24:00:00,3709820.508320,    0.000000,    0.000000,    0.000000, -277.348476,    1.287941,   39.991477,  160.991550,    0.000000,    0.000000,    0.000000,   18.506437,   17.616838,   18.506437,3096780776.221496,-680335811.060499,81340109.715241,-1653380659.462841,    0.000000,  100.000000,    0.004883,    0.150385,    0.310354,   43.527127,    0.307463,-9999.000000
2000-04-09 24:00:00,3709384.418869,    0.000000,    0.000000,    0.000000, -448.548634,   14.811139,   39.988783,  160.988879,    0.000000,    0.000000,    0.000000,   18.394454,   17.616838,   18.394454,2329888273.818437,-1100289798.487629,15654771.763472,-1714031987.308677,    0.000000,  100.000000,    0.057080,    1.491462,    0.977376,    2.273768,    0.255549,-9999.000000
2000-04-10 24:00:00,3708990.609756,    0.000000,    0.000000,    0.000000, -391.678911,    0.000000,   39.986350,  160.986467,    0.000000,    0.000000,    0.000000,   18.479702,   17.616847,   18.479702,3754247201.878825,-960788368.718373,-19602145.710217,-1777493342.296704,    0.000000,  100.000000,    0.039140,    1.048561,    0.819506,    3.490313,    0.335051,-9999.000000
2000-04-11 24:00:00,3708860.276585,    0.000000,    0.000000,    0.000000, -129.626836,    0.000000,   39.985545,  160.985668,    0.000000,    0.000000,    0.000000,   19.274178,   17.616847,   19.274178,3338144296.257874,-317974628.993809,-10695389.432183,-1571818294.392458,    0.000000,  100.000000,    0.028812,    0.789647,    0.711168,    3.463758,    0.591008,-9999.000000
2000-04-12 24:00:00,3708748.984616,    0.000000,    0.000000,    0.000000, -110.688318,    0.000000,   39.984857,  160.984987,    0.000000,    0.000000,    0.000000,   19.874797,   17.616847,   19.874797,2769063068.313308,-271518444.503685,104614493.877059,-988797050.991410,    0.000000,  100.000000,    0.006479,    0.196934,    0.355153,   18.980974,    0.635257,-9999.000000
2000-04-13 24:00:00,3708505.830324,    0.000000,    0.000000,    0.000000, -241.833837,    0.000000,   39.983355,  160.983497,    0.000000,    0.000000,    0.000000,   18.715227,   17.616847,   18.715227,2435748944.853630,-593218401.385708,294674293.802424,-1177464005.836674,    0.000000,  100.000000,    0.085184,    2.178601,    1.181257,    1.712997,    0.347625,-9999.000000
2000-04-14 24:00:00,3708262.035041,    0.000000,    0.000000,    0.000000, -242.469099,    0.000000,   39.981849,  160.982004,    0.000000,    0.000000,    0.000000,   18.833090,   17.616849,   18.833090,3460908522.868948,-594776701.014145,217395320.758243,-1504186562.219732,    0.000000,  100.000000,    0.011694,    0.343006,    0.468712,   17.221304,    0.369548,-9999.000000
2000-04-15 24:00:00,3708140.300549,    0.000000,    0.000000,    0.000000, -121.071428,    0.000000,   39.981097,  160.981258,    0.000000,    0.000000,    0.000000,   19.125941,   17.616849,   19.125941,3803960655.142555,-296988212.540188,64652729.529910,-1568306237.656345,    0.000000,  100.000000,    0.053399,    1.401003,    0.947273,    4.009907,    0.296049,-9999.000000
2000-04-16 24:00:00,3708015.591873,    0.000000,    0.000000,    0.000000, -124.028847,    0.000000,   39.980327,  160.980495,    0.000000,    0.000000,    0.000000,   19.322515,   17.616849,   19.322515,3906384001.641972,-304242761.042183,124633099.697382,-1403556261.050034,    0.000000,  100.000000,    0.014841,    0.427968,    0.523554,   21.314993,    0.369548,-9999.000000
2000-04-17 24:00:00,3707873.003618,    0.000000,    0.000000,    0.000000, -141.810220,    0.000000,   39.979446,  160.979621,    0.000000,    0.000000,    0.000000,   19.955725,   17.616849,   19.955725,3345539233.443381,-347860468.865754,100929144.940388,-1236051611.722491,    0.000000,  100.000000,    0.046145,    1.222198,    0.884761,    5.677047,    0.287650,-9999.000000
2000-04-18 24:00:00,3707693.044400,    0.000000,    0.000000,    0.000000, -178.976185,    0.000000,   39.978334,  160.978519,    0.000000,    0.000000,    0.000000,   20.078200,   17.616849,   20.078200,2734539168.732634,-439028582.089887,188479734.087035,-1046102054.641630,    0.000000,  100.000000,    0.065739,    1.703705,    1.044606,    4.497853,    0.335187,-9999.000000
2000-04-19 24:00:00,3707066.582903,    0.000000,    0.000000,    0.000000, -631.723048,    8.692753,   39.974464,  160.974682,    0.000000,    0.000000,    0.000000,   19.369559,   17.616849,   19.369559,2290073268.743082,-1549616636.058878,451307057.735721,-1147699588.987218,    0.000000,  100.000000,    0.011198,    0.329431,    0.459344,   28.789016,    0.372249,-9999.000000
2000-04-20 24:00:00,3706674.110487,    0.000000,    0.000000,    0.000000, -390.315151,    0.000000,   39.972039,  160.972278,    0.000000,    0.000000,    0.000000,   19.401216,   17.616849,   19.401216,3014024534.989870,-957443065.185564,189704313.765988,-1465658097.821469,    0.000000,  100.000000,    0.023672,    0.658697,    0.649528,   12.542193,    0.315553,-9999.000000
2000-04-21 24:00:00,3706467.115256,    0.000000,    0.000000,    0.000000, -205.855040,    0.000000,   39.970760,  160.971010,    0.000000,    0.000000,    0.000000,   19.483149,   17.616849,   19.483149,2659915611.247707,-504962413.653061,64779621.157377,-1586092038.454423,    0.000000,  100.000000,    0.010851,    0.319913,    0.452659,   30.174809,    0.315553,-9999.000000
2000-04-22 24:00:00,3705997.115083,    0.000000,    0.000000,    0.000000, -467.405363,    0.000000,   39.967856,  160.968131,    0.000000,    0.000000,    0.000000,   19.559849,   17.616849,   19.559849,3926838216.968121,-1146545355.358180,99857294.069275,-1586382039.792734,    0.000000,  100.000000,    0.037926,    1.018336,    0.807609,    8.647034,    0.315553,-9999.000000
2000-04-23 24:00:00,3705753.992050,    0.000000,    0.000000,    0.000000, -241.777451,    0.000000,   39.966354,  160.966642,    0.000000,    0.000000,    0.000000,   19.799491,   17.616849,   19.799491,3818607330.482406,-593080087.335928,32111343.153664,-1642710183.278727,    0.000000,  100.000000,    0.012079,    0.353525,    0.475845,   32.340595,    0.315553,-9999.000000
2000-04-24 24:00:00,3705515.919191,    0.000000,    0.000000,    0.000000, -236.753072,    0.000000,   39.964883,  160.965183,    0.000000,    0.000000,    0.000000,   19.976118,   17.616849,   19.976118,3983245704.202226,-580755285.741512,93677541.916939,-1558266906.966692,    0.000000,  100.000000,    0.058466,    1.525466,    0.988455,    6.685118,    0.315553,-9999.000000
2000-04-25 24:00:00,3705202.753691,    0.000000,    0.000000,    0.000000, -311.426189,    0.000000,   39.962949,  160.963265,    0.000000,    0.000000,    0.000000,   20.115007,   17.616849,   20.115007,4018706949.607118,-763928440.918770,134043567.757875,-1534167043.866444,    0.000000,  100.000000,    0.064944,    1.684223,    1.038616,    6.627453,    0.315553,-9999.000000
2000-04-26 24:00:00,3704921.954784,    0.000000,    0.000000,    0.000000, -279.236180,    0.000000,   39.961214,  160.961545,    0.000000,    0.000000,    0.000000,   20.378876,   17.616849,   20.378876,4192152289.279058,-684966349.218691,125944596.495595,-1483962126.541926,    0.000000,  100.000000,    0.008759,    0.261777,    0.409469,   65.622106,    0.284397,-9999.000000
2000-04-27 24:00:00,3704681.609720,    0.000000,    0.000000,    0.000000, -239.005057,    0.000000,   39.959729,  160.960073,    0.000000,    0.000000,    0.000000,   20.536195,   17.616849,   20.536195,3090649975.544883,-586279404.894752,112322108.314680,-1400069743.931153,    0.000000,  100.000000,    0.212148,    5.228939,    1.830047,    1.554054,    0.315553,-9999.000000
2000-04-28 24:00:00,3704302.621103,    0.000000,    0.000000,    0.000000, -376.871256,    0.000000,   39.957388,  160.957751,    0.000000,    0.000000,    0.000000,   20.644879,   17.616849,   20.644879,3740273409.928778,-924465191.318945,297629428.586626,-1293156787.648379,    0.000000,  100.000000,    0.125334,    3.153900,    1.421279,    3.663918,    0.507330,-9999.000000
2000-04-29 24:00:00,3703865.523746,    0.000000,    0.000000,    0.000000, -434.648675,    0.000000,   39.954687,  160.955074,    0.000000,    0.000000,    0.000000,   20.664879,   17.616849,   20.664879,3499363473.093591,-1066193200.561053,94921055.608059,-1537388705.569310,    0.000000,  100.000000,    0.045303,    1.201378,    0.877193,   13.702424,    0.270608,-9999.000000
2000-04-30 24:00:00,3703531.618867,    0.000000,    0.000000,    0.000000, -332.029418,    0.000000,   39.952624,  160.953029,    0.000000,    0.000000,    0.000000,   20.776899,   17.616849,   20.776899,3919609167.329559,-814468162.964445,78676438.775681,-1589364718.081975,    0.000000,  100.000000,    0.006598,    0.200376,    0.358243,  111.537308,    0.693066,-9999.000000
2000-05-01 24:00:00,3703304.184862,    0.000000,    0.000000,    0.000000, -226.154089,    0.000000,   39.951219,  160.951636,    0.000000,    0.000000,    0.000000,   21.623165,   17.616849,   21.623165,4074715479.246168,-554755980.060900,33850908.350135,-1569988368.199378,    0.000000,  100.000000,    0.024554,    0.681289,    0.660573,   24.753776,    0.693054,-9999.000000
2000-05-02 24:00:00,3702952.218141,    0.000000,    0.000000,    0.000000, -349.982208,    0.000000,   39.949045,  160.949480,    0.000000,    0.000000,    0.000000,   21.432210,   17.616849,   21.432210,4123924950.990436,-858506356.317360,199951276.306710,-1279899222.488553,    0.000000,  100.000000,    0.138772,    3.478559,    1.492640,    3.949440,    0.693054,-9999.000000
2000-05-03 24:00:00,3702809.341578,    0.000000,    0.000000,    0.000000, -142.069570,    0.000000,   39.948162,  160.948605,    0.000000,    0.000000,    0.000000,   22.067688,   17.616849,   22.067688,3412371869.649750,-348496655.605750,61875902.894572,-1218117284.988735,    0.000000,  100.000000,    0.001524,    0.048331,    0.175941,  509.321182,    0.693054,-9999.000000
2000-05-04 24:00:00,3702344.334395,    0.000000,    0.000000,    0.000000, -462.375587,    0.000000,   39.945289,  160.945756,    0.000000,    0.000000,    0.000000,   21.540230,   17.616894,   21.540230,3826485087.746866,-1134207315.544578,371979104.786313,-982312541.046014,    0.000000,  100.000000,    0.153454,    3.831989,    1.566634,    4.028550,    0.289725,-9999.000000
2000-05-05 24:00:00,3701946.330608,    0.000000,    0.000000,    0.000000, -395.744875,    0.000000,   39.942830,  160.943318,    0.000000,    0.000000,    0.000000,   21.718223,   17.616910,   21.718223,3799172467.488508,-970762177.841928,112160879.563654,-1443496200.231506,    0.000000,  100.000000,    0.024496,    0.679825,    0.659863,   38.089814,    0.422004,-9999.000000
2000-05-06 24:00:00,3701427.012300,    0.000000,    0.000000,    0.000000, -516.361946,    0.000000,   39.939622,  160.940138,    0.000000,    0.000000,    0.000000,   21.728617,   17.616930,   21.728617,4242431528.980868,-1266635853.609060,38426751.156276,-1605275657.263012,    0.000000,  100.000000,    0.009417,    0.280181,    0.423618,  110.571124,    0.422004,-9999.000000
2000-05-07 24:00:00,3700841.879754,    0.000000,    0.000000,    0.000000, -581.789354,    0.000000,   39.936007,  160.936553,    0.000000,    0.000000,    0.000000,   21.813178,   17.616989,   21.813178,4396351570.602445,-1427129285.500495,-14021336.516324,-1733601906.296186,    0.000000,  100.000000,    0.140403,    3.517879,    1.501053,    5.026551,    0.422004,-9999.000000
2000-05-08 24:00:00,3700087.542226,    0.000000,    0.000000,    0.000000, -750.008430,    0.000000,   39.931347,  160.931933,    0.000000,    0.000000,    0.000000,   21.832502,   17.617092,   21.832502,4170759184.579334,-1839770678.408964,36255588.198213,-1595509440.830519,    0.000000,  100.000000,    0.076076,    1.956366,    1.119388,   11.483170,    0.452584,-9999.000000
2000-05-09 24:00:00,3699691.338670,    0.000000,    0.000000,    0.000000, -393.921054,    0.000000,   39.928899,  160.929506,    0.000000,    0.000000,    0.000000,   22.386508,   17.617106,   22.386508,4432749753.879328,-966288345.845417,34529370.255949,-1540053004.704006,    0.000000,  100.000000,    0.087182,    2.227262,    1.194376,    9.252870,    0.516194,-9999.000000
2000-05-10 24:00:00,3699233.987205,    0.000000,    0.000000,    0.000000, -454.709382,    0.000000,   39.926073,  160.926705,    0.000000,    0.000000,    0.000000,   22.711529,   17.617120,   22.711529,4490500426.104145,-1115402114.218806,161278398.764499,-1148166463.381956,    0.000000,  100.000000,    0.074026,    1.906315,    1.104976,   12.301258,    0.516194,-9999.000000
2000-05-11 24:00:00,3698720.867465,    0.000000,    0.000000,    0.000000, -510.146110,    0.000000,   39.922903,  160.923562,    0.000000,    0.000000,    0.000000,   22.876410,   17.617139,   22.876410,4318697019.602039,-1251388408.117081,228400658.948757,-1168662516.474197,    0.000000,  100.000000,    0.123039,    3.098323,    1.408701,    6.879704,    0.516194,-9999.000000
2000-05-12 24:00:00,3698222.615305,    0.000000,    0.000000,    0.000000, -495.355072,    0.000000,   39.919825,  160.920510,    0.000000,    0.000000,    0.000000,   22.725472,   17.617159,   22.725472,4056401940.189026,-1215105992.515890,126172692.758452,-1467774451.137017,    0.000000,  100.000000,    0.151039,    3.773909,    1.554716,    5.616455,    0.516194,-9999.000000
2000-05-13 24:00:00,3697633.320881,    0.000000,    0.000000,    0.000000, -585.856043,    0.000000,   39.916184,  160.916900,    0.000000,    0.000000,    0.000000,   22.811893,   17.617197,   22.811893,4282359537.067957,-1437104873.634274,204629090.371113,-1407997052.114888,    0.000000,  100.000000,    0.051184,    1.346481,    0.928657,   23.825550,    0.516194,-9999.000000
2000-05-14 24:00:00,3697044.894475,    0.000000,    0.000000,    0.000000, -584.980087,    0.000000,   39.912549,  160.913296,    0.000000,    0.000000,    0.000000,   22.887302,   17.617256,   22.887302,4327424358.391600,-1434956152.542061,294018173.877178,-1316397201.772157,    0.000000,  100.000000,    0.010428,    0.308233,    0.444319,  137.644626,    0.345859,-9999.000000
2000-05-15 24:00:00,3696513.416069,    0.000000,    0.000000,    0.000000, -528.354192,    0.000000,   39.909266,  160.910040,    0.000000,    0.000000,    0.000000,   22.953311,   17.617364,   22.953311,4354721061.805390,-1296052833.926037,274151725.973477,-1336204230.059683,    0.000000,  100.000000,    0.085037,    2.174970,    1.180272,   13.487447,    0.281265,-9999.000000
2000-05-16 24:00:00,3696039.782322,    0.000000,    0.000000,    0.000000, -470.840485,    0.000000,   39.906339,  160.907139,    0.000000,    0.000000,    0.000000,   23.022731,   17.617511,   23.022731,4272866808.301399,-1154971709.914581,178602121.951343,-1436689755.741324,    0.000000,  100.000000,    0.061092,    1.589850,    1.009098,   20.686916,    0.261943,-9999.000000
2000-05-17 24:00:00,3695753.621897,    0.000000,    0.000000,    0.000000, -284.468645,    0.000000,   39.904571,  160.905386,    0.000000,    0.000000,    0.000000,   23.406276,   17.617526,   23.406276,4148582428.730447,-697801586.781540,73691564.999415,-1254624780.873804,    0.000000,  100.000000,    0.061776,    1.606611,    1.014404,   20.971259,    0.517774,-9999.000000
2000-05-18 24:00:00,3694988.040345,    0.000000,    0.000000,    0.000000, -761.088129,    0.000000,   39.899841,  160.900696,    0.000000,    0.000000,    0.000000,   23.436329,   17.617538,   23.436329,4321698763.975751,-1866949179.903310,375328158.785025,-1022844949.210149,    0.000000,  100.000000,    0.153301,    3.828241,    1.565868,    6.672432,    0.517774,-9999.000000
2000-05-19 24:00:00,3694476.291900,    0.000000,    0.000000,    0.000000, -509.652754,    0.000000,   39.896674,  160.897550,    0.000000,    0.000000,    0.000000,   23.507369,   17.617598,   23.507369,3788845270.417246,-1250178206.133983,129027142.645020,-1421116393.493176,    0.000000,  100.000000,    0.023991,    0.666876,    0.653549,   65.697726,    0.369431,-9999.000000
2000-05-20 24:00:00,3693963.849430,    0.000000,    0.000000,    0.000000, -510.334100,    0.000000,   39.893502,  160.894399,    0.000000,    0.000000,    0.000000,   23.631334,   17.617598,   23.631334,4282233814.213182,-1251849547.043951,156451654.502014,-1433903310.210739,    0.000000,  100.000000,    0.027401,    0.753854,    0.694863,   58.929656,    0.369431,-9999.000000
2000-05-21 24:00:00,3693290.625817,    0.000000,    0.000000,    0.000000, -670.438656,    0.000000,   39.889335,  160.890260,    0.000000,    0.000000,    0.000000,   23.759404,   17.617614,   23.759404,4588985680.922835,-1644586022.608198,166061229.253187,-1423204607.594319,    0.000000,  100.000000,    0.012376,    0.361597,    0.481247,  139.734068,    0.369431,-9999.000000
2000-05-22 24:00:00,3692703.187610,    0.000000,    0.000000,    0.000000, -584.993890,    0.000000,   39.885699,  160.886648,    0.000000,    0.000000,    0.000000,   23.918219,   17.617626,   23.918219,4534592129.430224,-1434990011.753352,84653258.236059,-1542931006.345417,    0.000000,  100.000000,    0.001859,    0.058811,    0.194082,  967.973009,    0.369431,-9999.000000
2000-05-23 24:00:00,3691972.490188,    0.000000,    0.000000,    0.000000, -727.638621,    0.000000,   39.881176,  160.882156,    0.000000,    0.000000,    0.000000,   23.941183,   17.617715,   23.941183,4343649697.814608,-1784897537.811219,92133643.373754,-1499235976.576865,    0.000000,  100.000000,    0.038207,    1.025322,    0.810374,   43.375776,    0.504221,-9999.000000
2000-05-24 24:00:00,3691077.936221,    0.000000,    0.000000,    0.000000, -890.781740,    0.000000,   39.875639,  160.876655,    0.000000,    0.000000,    0.000000,   23.986730,   17.617765,   23.986730,4562132305.445096,-2185087608.270928,115088337.182866,-1469569305.604146,    0.000000,  100.000000,    0.004031,    0.125061,    0.283019,  450.610128,    0.343796,-9999.000000
2000-05-25 24:00:00,3690487.987985,    0.000000,    0.000000,    0.000000, -587.443774,    0.000000,   39.871988,  160.873028,    0.000000,    0.000000,    0.000000,   24.153225,   17.617765,   24.153225,4370466071.781717,-1440999576.787926,171240040.553117,-1300413077.306887,    0.000000,  100.000000,    0.024066,    0.668797,    0.654490,   74.428669,    0.343796,-9999.000000
2000-05-26 24:00:00,3689628.661244,    0.000000,    0.000000,    0.000000, -855.655071,    0.000000,   39.866669,  160.867745,    0.000000,    0.000000,    0.000000,   24.178529,   17.617838,   24.178529,4303596919.449801,-2098921890.268450,130925691.648089,-1348371980.311429,    0.000000,  100.000000,    0.248551,    6.080992,    1.973525,    3.786731,    0.343796,-9999.000000
2000-05-27 24:00:00,3689146.350614,    0.000000,    0.000000,    0.000000, -480.237405,    0.000000,   39.863684,  160.864779,    0.000000,    0.000000,    0.000000,   24.587142,   17.617838,   24.587142,4358445181.373581,-1178022353.476597,131998680.356468,-1360902251.357002,    0.000000,  100.000000,    0.015576,    0.447557,    0.535401,  115.413285,    0.288912,-9999.000000
2000-05-28 24:00:00,3688580.387600,    0.000000,    0.000000,    0.000000, -563.518972,    0.000000,   39.860180,  160.861300,    0.000000,    0.000000,    0.000000,   24.786861,   17.617844,   24.786861,4499933457.625455,-1382312039.110860,125698089.391428,-1293333346.403146,    0.000000,  100.000000,    0.020072,    0.565718,    0.601943,   93.169644,    0.271568,-9999.000000
2000-05-29 24:00:00,3688033.534523,    0.000000,    0.000000,    0.000000, -544.480018,    0.000000,   39.856796,  160.857937,    0.000000,    0.000000,    0.000000,   25.088314,   17.617881,   25.088314,4517901286.108869,-1335609485.010583,167193844.573986,-1226190716.409613,    0.000000,  100.000000,    0.015324,    0.440844,    0.531371,  127.524134,    0.271568,-9999.000000
2000-05-30 24:00:00,3687653.277448,    0.000000,    0.000000,    0.000000, -378.600114,    0.000000,   39.854442,  160.855599,    0.000000,    0.000000,    0.000000,   25.614113,   17.617893,   25.614113,4413924993.410983,-928706079.431996,141768457.930947,-1018071407.606399,    0.000000,  100.000000,    0.052164,    1.370582,    0.936932,   33.507997,    0.271568,-9999.000000
2000-05-31 24:00:00,3686737.054167,    0.000000,    0.000000,    0.000000, -912.208950,    0.000000,   39.848771,  160.849966,    0.000000,    0.000000,    0.000000,   25.282333,   17.617923,   25.282333,4512423808.269745,-2237648553.494272,398851795.935970,-890322015.232191,    0.000000,  100.000000,    0.073803,    1.900816,    1.103381,   24.282353,    0.271568,-9999.000000
2000-06-01 24:00:00,3686318.593672,    0.000000,    0.000000,    0.000000, -416.616162,    0.000000,   39.846181,  160.847393,    0.000000,    0.000000,    0.000000,   25.531030,   17.617933,   25.531030,4474583725.496322,-1021959446.180005,195822368.976022,-1192511147.899642,    0.000000,  100.000000,    0.060352,    1.571678,    1.003315,   32.392059,    0.271568,-9999.000000
2000-06-02 24:00:00,3685646.571524,    0.000000,    0.000000,    0.000000, -669.046461,    0.000000,   39.842021,  160.843261,    0.000000,    0.000000,    0.000000,   25.564458,   17.617933,   25.564458,4440904074.357205,-1641170969.816787,169161989.746450,-1233502453.587485,    0.000000,  100.000000,    0.316497,    7.644495,    2.212737,    3.269941,    0.271568,-9999.000000
2000-06-03 24:00:00,3684975.794204,    0.000000,    0.000000,    0.000000, -667.789982,    0.000000,   39.837869,  160.839137,    0.000000,    0.000000,    0.000000,   25.691044,   17.617933,   25.691044,4384555217.434938,-1638088825.957853,58385860.177871,-1372320258.256020,    0.000000,  100.000000,    0.002618,    0.082257,    0.229532,  922.625535,    0.271568,-9999.000000
2000-06-04 24:00:00,3684140.870862,    0.000000,    0.000000,    0.000000, -831.181253,    0.000000,   39.832702,  160.834004,    0.000000,    0.000000,    0.000000,   25.716173,   17.617933,   25.716173,4421451759.511489,-2038887612.983921,95821430.620240,-1354474895.889161,    0.000000,  100.000000,    0.081140,    2.079913,    1.154192,   23.774590,    0.271568,-9999.000000
2000-06-05 24:00:00,3683318.678950,    0.000000,    0.000000,    0.000000, -818.481029,    0.000000,   39.827612,  160.828949,    0.000000,    0.000000,    0.000000,   25.813369,   17.617933,   25.813369,4641575809.974351,-2007733964.357077,201641941.653167,-1321231238.269186,    0.000000,  100.000000,    0.078391,    2.012826,    1.135425,   25.271474,    0.271568,-9999.000000
2000-06-06 24:00:00,3682498.473784,    0.000000,    0.000000,    0.000000, -816.477579,    0.000000,   39.822536,  160.823906,    0.000000,    0.000000,    0.000000,   25.809482,   17.617933,   25.809482,4617126991.331422,-2002819500.612659,48575208.566655,-1439616551.718384,    0.000000,  100.000000,    0.150388,    3.758113,    1.551459,   10.532444,    0.271568,-9999.000000
2000-06-07 24:00:00,3681709.946562,    0.000000,    0.000000,    0.000000, -784.919483,    0.000000,   39.817655,  160.819058,    0.000000,    0.000000,    0.000000,   25.868843,   17.617968,   25.868843,4650394918.870929,-1925407492.024868,102173794.460863,-1432673248.878497,    0.000000,  100.000000,    0.098993,    2.514728,    1.269115,   18.807147,    0.310559,-9999.000000
2000-06-08 24:00:00,3681046.238276,    0.000000,    0.000000,    0.000000, -660.653030,    0.000000,   39.813547,  160.814977,    0.000000,    0.000000,    0.000000,   25.984898,   17.618103,   25.984898,4394160120.114717,-1620581882.434075,183515640.155669,-1307728752.144368,    0.000000,  100.000000,    0.350556,    8.415970,    2.321708,    2.985596,    0.271568,-9999.000000
2000-06-09 24:00:00,3680481.172615,    0.000000,    0.000000,    0.000000, -562.451329,    0.000000,   39.810049,  160.811503,    0.000000,    0.000000,    0.000000,   26.181417,   17.618184,   26.181417,4489733334.443906,-1379693109.331782,340245739.865436,-1081330906.318639,    0.000000,  100.000000,    0.052554,    1.380155,    0.940198,   43.473123,    0.383891,-9999.000000
2000-06-10 24:00:00,3679818.447984,    0.000000,    0.000000,    0.000000, -659.643035,    0.000000,   39.805947,  160.807428,    0.000000,    0.000000,    0.000000,   26.335205,   17.618257,   26.335205,4546184520.476541,-1618104365.974449,373289075.324891,-1076700676.487953,    0.000000,  100.000000,    0.010019,    0.296916,    0.436086,  265.888412,    0.254978,-9999.000000
2000-06-11 24:00:00,3679236.399727,    0.000000,    0.000000,    0.000000, -579.328106,    0.000000,   39.802345,  160.803849,    0.000000,    0.000000,    0.000000,   26.525564,   17.618275,   26.525564,4573371774.791256,-1421091844.763138,200647804.468803,-1112746709.647382,    0.000000,  100.000000,    0.008385,    0.251257,    0.401157,  327.337480,    0.254978,-9999.000000
2000-06-12 24:00:00,3678613.200223,    0.000000,    0.000000,    0.000000, -620.729176,    0.000000,   39.798485,  160.800012,    0.000000,    0.000000,    0.000000,   26.727806,   17.618275,   26.727806,4506793535.102998,-1522648669.659628,349826855.274074,-963633185.242611,    0.000000,  100.000000,    0.155007,    3.869040,    1.574190,   11.409146,    0.254978,-9999.000000
2000-06-13 24:00:00,3678164.042334,    0.000000,    0.000000,    0.000000, -447.878267,    0.000000,   39.795699,  160.797240,    0.000000,    0.000000,    0.000000,   27.246051,   17.618275,   27.246051,4479555131.816784,-1098645388.985189,161771014.878310,-909690932.209613,    0.000000,  100.000000,    0.027094,    0.746035,    0.691250,   98.430595,    0.254978,-9999.000000
2000-06-14 24:00:00,3677406.614826,    0.000000,    0.000000,    0.000000, -755.252465,    0.000000,   39.791002,  160.792565,    0.000000,    0.000000,    0.000000,   27.335832,   17.618292,   27.335832,4629653121.032906,-1852634295.964590,335820645.389030,-742887039.675796,    0.000000,  100.000000,    0.049116,    1.295497,    0.910906,   53.415676,    0.254978,-9999.000000
2000-06-15 24:00:00,3676650.980375,    0.000000,    0.000000,    0.000000, -753.442671,    0.000000,   39.786316,  160.787902,    0.000000,    0.000000,    0.000000,   27.568925,   17.618298,   27.568925,4503775932.730242,-1848194872.030952,270680696.372673,-894309970.065092,    0.000000,  100.000000,    0.005378,    0.164941,    0.325027,  567.405068,    0.254978,-9999.000000
2000-06-16 24:00:00,3675979.087154,    0.000000,    0.000000,    0.000000, -669.925605,    0.000000,   39.782150,  160.783755,    0.000000,    0.000000,    0.000000,   27.921132,   17.618298,   27.921132,4475259784.225847,-1643327507.903875,268611760.979398,-1001529606.117032,    0.000000,  100.000000,    0.224001,    5.507026,    1.878080,    7.259395,    0.254978,-9999.000000
2000-06-17 24:00:00,3675339.111228,    0.000000,    0.000000,    0.000000, -638.085811,    0.000000,   39.778181,  160.779806,    0.000000,    0.000000,    0.000000,   27.960803,   17.618298,   27.960803,4494488165.395397,-1565224493.340407,226440219.081827,-1058999541.430781,    0.000000,  100.000000,    0.026762,    0.737603,    0.687332,  114.677613,    0.254978,-9999.000000
2000-06-18 24:00:00,3674433.037953,    0.000000,    0.000000,    0.000000, -903.370713,    0.000000,   39.772562,  160.774214,    0.000000,    0.000000,    0.000000,   28.014414,   17.618298,   28.014414,4621005411.368298,-2215968358.295382,236844062.131126,-1110479953.674814,    0.000000,  100.000000,    0.049551,    1.306212,    0.914665,   58.440516,    0.254978,-9999.000000
2000-06-19 24:00:00,3673554.868955,    0.000000,    0.000000,    0.000000, -875.519486,    0.000000,   39.767117,  160.768794,    0.000000,    0.000000,    0.000000,   28.073500,   17.618298,   28.073500,4408712339.170691,-2147649300.235661,79976893.040531,-1251454748.028530,    0.000000,  100.000000,    0.030404,    0.829820,    0.729034,  103.035693,    0.254978,-9999.000000
2000-06-20 24:00:00,3672887.766940,    0.000000,    0.000000,    0.000000, -665.069530,    0.000000,   39.762980,  160.764677,    0.000000,    0.000000,    0.000000,   28.277957,   17.618298,   28.277957,4231031638.643073,-1631415557.689749,32709867.377367,-1317510986.546583,    0.000000,  100.000000,    0.018828,    0.533264,    0.584422,  173.534842,    0.254978,-9999.000000
2000-06-21 24:00:00,3672128.646267,    0.000000,    0.000000,    0.000000, -756.787250,    0.000000,   39.758272,  160.759992,    0.000000,    0.000000,    0.000000,   28.431268,   17.618298,   28.431268,4619088168.410010,-1856399124.113520,74511464.067216,-1266504973.776005,    0.000000,  100.000000,    0.022101,    0.618231,    0.629261,  149.598068,    0.254978,-9999.000000
2000-06-22 24:00:00,3671492.103227,    0.000000,    0.000000,    0.000000, -634.569382,    0.000000,   39.754325,  160.756063,    0.000000,    0.000000,    0.000000,   28.642149,   17.618303,   28.642149,4549958809.950557,-1556598693.319744,15392253.942558,-1286286811.541857,    0.000000,  100.000000,    0.032787,    0.889785,    0.754915,   98.918680,    0.254978,-9999.000000
2000-06-23 24:00:00,3670351.019935,    0.000000,    0.000000,    0.000000,-1137.506749,    0.000000,   39.747249,  160.749021,    0.000000,    0.000000,    0.000000,   28.620255,   17.618303,   28.620255,4690154084.808125,-2790304056.042994,86894685.428031,-1295273780.303539,    0.000000,  100.000000,    0.270165,    6.581473,    2.053132,    6.243007,    0.254978,-9999.000000
2000-06-24 24:00:00,3669495.567903,    0.000000,    0.000000,    0.000000, -852.737906,    0.000000,   39.741944,  160.743742,    0.000000,    0.000000,    0.000000,   28.666903,   17.618303,   28.666903,4553130698.920991,-2091766082.433330,136583903.875522,-1210234627.872299,    0.000000,  100.000000,    0.189315,    4.688202,    1.732841,   10.854146,    0.254978,-9999.000000
2000-06-25 24:00:00,3668555.640889,    0.000000,    0.000000,    0.000000, -936.912769,    0.000000,   39.736115,  160.737941,    0.000000,    0.000000,    0.000000,   28.616324,   17.618303,   28.616324,4528306657.809434,-2298247021.279900,211646024.474325,-1185419336.435244,    0.000000,  100.000000,    0.093736,    2.386771,    1.236405,   28.948138,    0.254978,-9999.000000
2000-06-26 24:00:00,3667740.153490,    0.000000,    0.000000,    0.000000, -812.844566,    0.000000,   39.731058,  160.732908,    0.000000,    0.000000,    0.000000,   28.606639,   17.618310,   28.606639,4319899179.738282,-1993907720.352298,176694153.711982,-1190812482.880621,    0.000000,  100.000000,    0.131480,    3.302282,    1.454329,   18.298418,    0.254978,-9999.000000
2000-06-27 24:00:00,3667022.685425,    0.000000,    0.000000,    0.000000, -715.121807,    0.000000,   39.726609,  160.728480,    0.000000,    0.000000,    0.000000,   28.643035,   17.618361,   28.643035,4185648862.202974,-1754193793.440294,119213341.618497,-1227487428.772548,    0.000000,  100.000000,    0.079764,    2.046290,    1.144825,   35.579844,    0.301843,-9999.000000
2000-06-28 24:00:00,3666485.379380,    0.000000,    0.000000,    0.000000, -535.535856,    0.000000,   39.723277,  160.725164,    0.000000,    0.000000,    0.000000,   28.770432,   17.618383,   28.770432,4214549739.000844,-1313669454.947061,131073473.126235,-1159174259.124669,    0.000000,  100.000000,    0.016671,    0.476563,    0.552479,  213.454410,    0.413881,-9999.000000
2000-06-29 24:00:00,3665729.423450,    0.000000,    0.000000,    0.000000, -753.446893,    0.000000,   39.718589,  160.720499,    0.000000,    0.000000,    0.000000,   28.938056,   17.618383,   28.938056,4529541730.453488,-1848205228.705375,150425372.159521,-1142955206.414818,    0.000000,  100.000000,    0.042353,    1.128290,    0.850092,   78.786689,    0.413881,-9999.000000
2000-06-30 24:00:00,3665033.716744,    0.000000,    0.000000,    0.000000, -693.378261,    0.000000,   39.714275,  160.716205,    0.000000,    0.000000,    0.000000,   29.088356,   17.618383,   29.088356,4299795111.456321,-1700856873.984098,85840852.422167,-1199980931.624269,    0.000000,  100.000000,    0.054618,    1.430884,    0.957321,   59.339730,    0.413881,-9999.000000
2000-07-01 24:00:00,3664305.098858,    0.000000,    0.000000,    0.000000, -726.159345,    0.000000,   39.709757,  160.711708,    0.000000,    0.000000,    0.000000,   29.201717,   17.618390,   29.201717,4256564530.381269,-1781268872.358205,62155058.275765,-1191639074.141148,    0.000000,  100.000000,    0.193576,    4.789207,    1.751408,   11.149897,    0.413881,-9999.000000
2000-07-02 24:00:00,3663745.636613,    0.000000,    0.000000,    0.000000, -557.560563,    0.000000,   39.706287,  160.708255,    0.000000,    0.000000,    0.000000,   29.440312,   17.618390,   29.440312,4176701475.551300,-1367696061.048151,109053556.496771,-1007645085.605404,    0.000000,  100.000000,    0.270049,    6.578572,    2.052680,    6.843862,    0.413881,-9999.000000
2000-07-03 24:00:00,3663298.111899,    0.000000,    0.000000,    0.000000, -445.994885,    0.000000,   39.703512,  160.705493,    0.000000,    0.000000,    0.000000,   29.921055,   17.618395,   29.921055,4100331419.660180,-1094025453.069993,91808594.513360,-965568792.922855,    0.000000,  100.000000,    0.125204,    3.150498,    1.420512,   20.984606,    0.413881,-9999.000000
2000-07-04 24:00:00,3662564.500294,    0.000000,    0.000000,    0.000000, -731.401116,    0.000000,   39.698961,  160.700962,    0.000000,    0.000000,    0.000000,   29.834027,   17.618395,   29.834027,4111041165.773320,-1794126938.091684,175810139.887692,-913251445.416797,    0.000000,  100.000000,    0.336445,    8.096322,    2.277190,    5.004288,    0.413881,-9999.000000
2000-07-05 24:00:00,3661512.016072,    0.000000,    0.000000,    0.000000,-1050.800753,    0.000000,   39.692422,  160.694442,    0.000000,    0.000000,    0.000000,   29.817155,   17.618395,   29.817155,4521846056.179086,-2577614247.909822,244213220.542552,-1021682434.791590,    0.000000,  100.000000,    0.062876,    1.633485,    1.022852,   54.084186,    0.413881,-9999.000000
2000-07-06 24:00:00,3660859.658765,    0.000000,    0.000000,    0.000000, -651.292055,    0.000000,   39.688369,  160.690401,    0.000000,    0.000000,    0.000000,   29.906567,   17.618395,   29.906567,4304082551.176531,-1597619411.469516,165913365.209744,-1008662942.909411,    0.000000,  100.000000,    0.011385,    0.334531,    0.462885,  357.434755,    0.413881,-9999.000000
2000-07-07 24:00:00,3660449.188120,    0.000000,    0.000000,    0.000000, -409.791943,    0.000000,   39.685819,  160.687858,    0.000000,    0.000000,    0.000000,   30.262427,   17.618405,   30.262427,4270841961.561559,-1005219635.751891,106399508.067516,-964378865.171425,    0.000000,  100.000000,    0.016587,    0.474346,    0.551192,  246.176343,    0.413881,-9999.000000
2000-07-08 24:00:00,3659684.393428,    0.000000,    0.000000,    0.000000, -763.513143,    0.000000,   39.681067,  160.683120,    0.000000,    0.000000,    0.000000,   30.383885,   17.618405,   30.383885,4362336431.539794,-1872897740.786963,241030553.575414,-796807322.163901,    0.000000,  100.000000,    0.316749,    7.649133,    2.213408,    5.883739,    0.413881,-9999.000000
2000-07-09 24:00:00,3658853.952996,    0.000000,    0.000000,    0.000000, -829.023286,    0.000000,   39.675908,  160.677975,    0.000000,    0.000000,    0.000000,   30.364332,   17.618405,   30.364332,4107712668.078448,-2033594121.253342,183550159.684367,-983353654.485589,    0.000000,  100.000000,    0.220137,    5.415922,    1.862480,   10.409754,    0.413881,-9999.000000
2000-07-10 24:00:00,3657830.934432,    0.000000,    0.000000,    0.000000,-1021.237008,    0.000000,   39.669552,  160.671638,    0.000000,    0.000000,    0.000000,   30.348281,   17.618405,   30.348281,4223792090.235439,-2505094379.417848,258855671.821093,-931024590.799934,    0.000000,  100.000000,    0.044628,    1.184607,    0.871049,   85.874000,    0.294323,-9999.000000
2000-07-11 24:00:00,3656768.777580,    0.000000,    0.000000,    0.000000,-1060.264455,    0.000000,   39.662953,  160.665058,    0.000000,    0.000000,    0.000000,   30.404870,   17.618405,   30.404870,4376151917.228058,-2600828707.715118,186567448.899310,-1077862505.561093,    0.000000,  100.000000,    0.118103,    2.978538,    1.381201,   25.468273,    0.347051,-9999.000000
2000-07-12 24:00:00,3656082.678670,    0.000000,    0.000000,    0.000000, -684.852885,    0.000000,   39.658690,  160.660807,    0.000000,    0.000000,    0.000000,   30.490286,   17.618405,   30.490286,3761230652.986609,-1679944127.364916,146469636.368547,-1048247909.379708,    0.000000,  100.000000,    0.124452,    3.132263,    1.416395,   23.875510,    0.397508,-9999.000000
2000-07-13 24:00:00,3655319.394785,    0.000000,    0.000000,    0.000000, -761.876577,    0.000000,   39.653948,  160.656079,    0.000000,    0.000000,    0.000000,   30.587977,   17.618405,   30.587977,4176614597.475117,-1868883243.379200,150365293.861020,-1021048465.808565,    0.000000,  100.000000,    0.079791,    2.046926,    1.145003,   43.391024,    0.612884,-9999.000000
2000-07-14 24:00:00,3654395.389268,    0.000000,    0.000000,    0.000000, -922.272179,    0.000000,   39.648207,  160.650355,    0.000000,    0.000000,    0.000000,   30.668860,   17.618405,   30.668860,4423349025.531213,-2262333653.992731,193801260.378340,-997412682.337172,    0.000000,  100.000000,    0.308133,    7.452526,    2.184777,    6.334554,    0.688350,-9999.000000
2000-07-15 24:00:00,3653240.536582,    0.000000,    0.000000,    0.000000,-1152.640204,    0.000000,   39.641032,  160.643200,    0.000000,    0.000000,    0.000000,   30.685704,   17.618405,   30.685704,4392019481.246087,-2827426421.118100,51127941.307175,-1163983622.424492,    0.000000,  100.000000,    0.077446,    1.989691,    1.128881,   45.305027,    0.395270,-9999.000000
2000-07-16 24:00:00,3652195.912639,    0.000000,    0.000000,    0.000000,-1042.578232,    0.000000,   39.634542,  160.636729,    0.000000,    0.000000,    0.000000,   30.740782,   17.618405,   30.740782,4507814616.532517,-2557444402.504390,7968981.596992,-1299985096.597043,    0.000000,  100.000000,    0.026344,    0.726934,    0.682343,  159.946487,    0.395270,-9999.000000
2000-07-17 24:00:00,3651052.495629,    0.000000,    0.000000,    0.000000,-1141.129887,    0.000000,   39.627438,  160.629646,    0.000000,    0.000000,    0.000000,   30.790432,   17.618405,   30.790432,4507952550.798796,-2799191612.037859,69138391.680322,-1227257981.895394,    0.000000,  100.000000,    0.105861,    2.681525,    1.310528,   30.411751,    0.395270,-9999.000000
2000-07-18 24:00:00,3649558.534615,    0.000000,    0.000000,    0.000000,-1490.897073,    0.000000,   39.618156,  160.620391,    0.000000,    0.000000,    0.000000,   30.690455,   17.618405,   30.690455,4524744609.035902,-3657170519.387445,-41391198.167409,-1258914424.264187,    0.000000,  100.000000,    0.048331,    1.276068,    0.904050,   80.105001,    0.395270,-9999.000000
2000-07-19 24:00:00,3648550.021569,    0.000000,    0.000000,    0.000000,-1006.395629,    0.000000,   39.611890,  160.614143,    0.000000,    0.000000,    0.000000,   30.643566,   17.618405,   30.643566,4055626106.660273,-2468688477.519229,88695028.268380,-1143231464.354705,    0.000000,  100.000000,    0.145115,    3.630958,    1.524987,   19.266740,    0.252893,-9999.000000
2000-07-20 24:00:00,3647642.327323,    0.000000,    0.000000,    0.000000, -905.755176,    0.000000,   39.606251,  160.608520,    0.000000,    0.000000,    0.000000,   30.698748,   17.618405,   30.698748,4078867258.246189,-2221817446.197506,41465099.301976,-1213119725.331845,    0.000000,  100.000000,    0.047334,    1.251469,    0.895294,   81.603680,    0.252893,-9999.000000
2000-07-21 24:00:00,3646455.425398,    0.000000,    0.000000,    0.000000,-1184.659876,    0.000000,   39.598875,  160.601163,    0.000000,    0.000000,    0.000000,   30.711834,   17.618416,   30.711834,4346887475.672745,-2905970676.983558,150501346.611222,-1177132491.096313,    0.000000,  100.000000,    0.064869,    1.682261,    1.038011,   55.719899,    0.252893,-9999.000000
2000-07-22 24:00:00,3645257.126358,    0.000000,    0.000000,    0.000000,-1197.891486,    0.000000,   39.591416,  160.593711,    0.000000,    0.000000,    0.000000,   30.714717,   17.618439,   30.714717,4449423982.068583,-2938427816.022996,86491274.289030,-1233203198.167666,    6.362966,  100.000000,    0.063737,    1.654548,    1.029426,   56.830912,    0.590230,-9999.000000
2000-07-23 24:00:00,3644002.668047,    0.000000,    0.000000,    0.000000,-1253.972069,    0.000000,   39.583607,  160.585910,    0.000000,    0.000000,    0.000000,   30.698264,   17.618439,   30.698264,4319725931.176107,-3075993486.101828,-33666429.717061,-1374199077.312401,    0.000000,  100.000000,    0.063524,    1.649337,    1.027804,   56.954900,    0.675569,-9999.000000
2000-07-24 24:00:00,3643086.451503,    0.000000,    0.000000,    0.000000, -915.822297,    0.000000,   39.577904,  160.580213,    0.000000,    0.000000,    0.000000,   30.768309,   17.618439,   30.768309,4351342839.450698,-2246512094.125864,-49158980.718446,-1363965469.719243,    0.000000,  100.000000,    0.151488,    3.784164,    1.556827,   18.195612,    0.675569,-9999.000000
2000-07-25 24:00:00,3642414.989315,    0.000000,    0.000000,    0.000000, -671.152403,    0.000000,   39.573724,  160.576037,    0.000000,    0.000000,    0.000000,   30.898794,   17.618444,   30.898794,4068597211.424174,-1646336845.729390,-26318289.985448,-1254914478.406628,    0.000000,  100.000000,    0.223003,    5.482852,    1.873953,   10.411486,    0.706672,-9999.000000
2000-07-26 24:00:00,3641790.931113,    0.000000,    0.000000,    0.000000, -623.754632,    0.000000,   39.569840,  160.572157,    0.000000,    0.000000,    0.000000,   30.974270,   17.618444,   30.974270,3858895889.079838,-1530070112.851363,46871659.026082,-1102779556.025042,    0.000000,  100.000000,    0.217445,    5.352296,    1.851508,   10.937233,    0.706672,-9999.000000
2000-07-27 24:00:00,3640895.047906,    0.000000,    0.000000,    0.000000, -895.421497,    0.000000,   39.564263,  160.566586,    0.000000,    0.000000,    0.000000,   31.030790,   17.618452,   31.030790,4178572580.237043,-2196468931.321131,132393114.285944,-1074910546.680896,    0.000000,  100.000000,    0.049512,    1.305173,    0.914302,   79.330081,    0.414428,-9999.000000
2000-07-28 24:00:00,3640239.447720,    0.000000,    0.000000,    0.000000, -655.242515,    0.000000,   39.560183,  160.562509,    0.000000,    0.000000,    0.000000,   31.204326,   17.618452,   31.204326,4102875018.836520,-1607309888.550994,101830160.105153,-975808522.300647,    0.000000,  100.000000,    0.057168,    1.493481,    0.978037,   67.468502,    0.414428,-9999.000000
2000-07-29 24:00:00,3639621.682534,    0.000000,    0.000000,    0.000000, -617.412788,    0.000000,   39.556337,  160.558667,    0.000000,    0.000000,    0.000000,   31.395164,   17.618452,   31.395164,4093156969.810401,-1514513569.039263,134186600.259080,-923445890.219693,    0.000000,  100.000000,    0.276078,    6.716849,    2.074141,    7.828149,    0.414428,-9999.000000
2000-07-30 24:00:00,3639032.347199,    0.000000,    0.000000,    0.000000, -588.985287,    0.000000,   39.552669,  160.555003,    0.000000,    0.000000,    0.000000,   31.642263,   17.618452,   31.642263,3917482219.803474,-1444780909.537235,142971996.675692,-760951438.010247,    0.000000,  100.000000,    0.107389,    2.718557,    1.319546,   31.111961,    0.414428,-9999.000000
2000-07-31 24:00:00,3638087.387109,    0.000000,    0.000000,    0.000000, -944.371633,    0.000000,   39.546787,  160.549126,    0.000000,    0.000000,    0.000000,   31.740321,   17.618463,   31.740321,3960507296.300144,-2316543615.274071,147077908.748524,-711978946.883982,    0.000000,  100.000000,    0.093976,    2.392502,    1.237889,   37.598706,    0.414428,-9999.000000
2000-08-01 24:00:00,3636915.484608,    0.000000,    0.000000,    0.000000,-1171.124461,    0.000000,   39.539492,  160.541839,    0.000000,    0.000000,    0.000000,   31.600681,   17.618463,   31.600681,3907828092.855660,-2872768303.952868,35036199.755022,-1070390437.804518,    0.000000,  100.000000,    0.223232,    5.488084,    1.874847,   11.143313,    0.414428,-9999.000000
2000-08-02 24:00:00,3635596.805893,    0.000000,    0.000000,    0.000000,-1317.739815,    0.000000,   39.531284,  160.533639,    0.000000,    0.000000,    0.000000,   31.562598,   17.618463,   31.562598,4010098805.060795,-3232415766.778953,42968428.325060,-1142301997.321876,    0.000000,  100.000000,    0.346434,    8.320750,    2.308536,    5.594385,    0.414428,-9999.000000
2000-08-03 24:00:00,3634163.370942,    0.000000,    0.000000,    0.000000,-1432.338437,    0.000000,   39.522361,  160.524725,    0.000000,    0.000000,    0.000000,   31.537521,   17.618463,   31.537521,4320005281.398723,-3513526185.780204,26165464.541295,-1035817601.168937,    0.000000,  100.000000,    0.483595,   11.359431,    2.697328,    3.227080,    0.414428,-9999.000000
2000-08-04 24:00:00,3632390.639578,    0.000000,    0.000000,    0.000000,-1771.265455,    0.000000,   39.511327,  160.513701,    0.000000,    0.000000,    0.000000,   31.408655,   17.618463,   31.408655,4326903357.810925,-4344914160.269659,42998437.549949,-1054672455.000289,    0.000000,  100.000000,    0.484120,   11.370707,    2.698666,    3.184088,    0.414428,-9999.000000
2000-08-05 24:00:00,3631143.695167,    0.000000,    0.000000,    0.000000,-1245.840260,    0.000000,   39.503565,  160.505947,    0.000000,    0.000000,    0.000000,   31.370172,   17.618463,   31.370172,4277525610.257481,-3056046158.195602,-7764386.063471,-1236450250.580310,    0.000000,  100.000000,    0.010128,    0.299936,    0.438298,  451.717308,    0.414428,-9999.000000
2000-08-06 24:00:00,3630305.511106,    0.000000,    0.000000,    0.000000, -837.908945,    0.000000,   39.498344,  160.500729,    0.000000,    0.000000,    0.000000,   31.414412,   17.618463,   31.414412,4105969858.903611,-2055390641.237863,16799647.456102,-1199572367.033963,    0.000000,  100.000000,    0.229020,    5.623566,    1.897847,   10.468713,    0.485805,-9999.000000
2000-08-07 24:00:00,3629456.482304,    0.000000,    0.000000,    0.000000, -849.818318,    0.000000,   39.493050,  160.495429,    0.000000,    0.000000,    0.000000,   31.460894,   17.618463,   31.460894,4012965435.090714,-2084604334.423496,29734300.720883,-1162347026.523153,    0.000000,  100.000000,    0.055449,    1.451245,    0.964108,   71.592771,    0.391457,-9999.000000
2000-08-08 24:00:00,3628271.605269,    0.000000,    0.000000,    0.000000,-1185.932503,    0.000000,   39.485660,  160.488033,    0.000000,    0.000000,    0.000000,   31.433638,   17.618463,   31.433638,4064400851.248483,-2909092429.258734,44248966.078367,-1187926950.720500,    0.000000,  100.000000,    0.126123,    3.172513,    1.425467,   24.793955,    0.720953,-9999.000000
2000-08-09 24:00:00,3626778.419315,    0.000000,    0.000000,    0.000000,-1494.439243,    0.000000,   39.476348,  160.478712,    0.000000,    0.000000,    0.000000,   31.287520,   17.618463,   31.287520,4256050520.909486,-3665859463.769956,52760370.055893,-1215569510.238223,    0.000000,  100.000000,    0.049897,    1.314644,    0.917613,   78.824909,    0.428016,-9999.000000
2000-08-10 24:00:00,3625516.684544,    0.000000,    0.000000,    0.000000,-1262.725261,    0.000000,   39.468479,  160.470836,    0.000000,    0.000000,    0.000000,   31.196932,   17.618463,   31.196932,4160691452.654292,-3097465066.054901,-78970513.229578,-1353147369.222484,    0.000000,  100.000000,    0.133743,    3.356628,    1.466247,   21.994341,    0.428016,-9999.000000
2000-08-11 24:00:00,3624354.386748,    0.000000,    0.000000,    0.000000,-1163.155180,    0.000000,   39.461231,  160.463581,    0.000000,    0.000000,    0.000000,   31.143697,   17.618463,   31.143697,3989491195.291956,-2853219656.792452,-46740564.448266,-1323105733.478066,    0.000000,  100.000000,    0.096677,    2.458166,    1.254761,   33.790193,    0.387892,-9999.000000
2000-08-12 24:00:00,3623220.162590,    0.000000,    0.000000,    0.000000,-1135.010201,    0.000000,   39.454157,  160.456501,    0.000000,    0.000000,    0.000000,   31.095331,   17.618481,   31.095331,3911243877.186515,-2784180022.828497,-11414625.886277,-1265697260.468621,    0.000000,  100.000000,    0.143691,    3.596441,    1.517721,   19.530537,    0.387892,-9999.000000
2000-08-13 24:00:00,3621998.037849,    0.000000,    0.000000,    0.000000,-1222.915455,    0.000000,   39.446536,  160.448872,    0.000000,    0.000000,    0.000000,   30.979977,   17.618622,   30.979977,3582613380.284167,-2999811610.574432,30723900.385474,-1107939584.750062,    0.000000,  100.000000,    0.019022,    0.538281,    0.587164,  217.669335,    0.491768,-9999.000000
2000-08-14 24:00:00,3621260.061110,    0.000000,    0.000000,    0.000000, -738.425696,    0.000000,   39.441933,  160.444266,    0.000000,    0.000000,    0.000000,   31.043123,   17.618622,   31.043123,3888553221.772354,-1811358233.115680,-4081759.200552,-1222211576.511019,    0.000000,  100.000000,    0.113895,    2.876332,    1.357297,   26.455855,    0.349670,-9999.000000
2000-08-15 24:00:00,3620588.054521,    0.000000,    0.000000,    0.000000, -672.396973,    0.000000,   39.437743,  160.440071,    0.000000,    0.000000,    0.000000,   31.098070,   17.618622,   31.098070,3713981415.320206,-1649389775.257308,16278768.987005,-1198813248.190279,    0.000000,  100.000000,    0.320574,    7.734426,    2.225715,    5.786081,    0.349670,-9999.000000
2000-08-16 24:00:00,3619358.103592,    0.000000,    0.000000,    0.000000,-1230.620135,    0.000000,   39.430072,  160.432394,    0.000000,    0.000000,    0.000000,   31.027528,   17.618688,   31.027528,3516622150.992473,-3018711192.047657,-9246538.280568,-1063034222.712355,    0.000000,  100.000000,    0.212625,    5.238411,    1.831704,   10.818145,    0.349670,-9999.000000
2000-08-17 24:00:00,3618551.617568,    0.000000,    0.000000,    0.000000, -806.892757,    0.000000,   39.425043,  160.427359,    0.000000,    0.000000,    0.000000,   31.065334,   17.618694,   31.065334,3680961499.524464,-1979307932.806838,67215123.192932,-1090459579.567794,    0.000000,  100.000000,    0.160806,    4.007475,    1.602105,   16.326057,    0.268570,-9999.000000
2000-08-18 24:00:00,3617676.372399,    0.000000,    0.000000,    0.000000, -875.658243,    0.000000,   39.419584,  160.421896,    0.000000,    0.000000,    0.000000,   31.070236,   17.618726,   31.070236,3655134591.136895,-2147989668.951142,52907243.697223,-1154916601.480703,    0.000000,  100.000000,    0.075981,    1.953838,    1.118664,   44.752868,    0.340209,-9999.000000
2000-08-19 24:00:00,3616723.407126,    0.000000,    0.000000,    0.000000, -953.381239,    0.000000,   39.413641,  160.415947,    0.000000,    0.000000,    0.000000,   31.072752,   17.618761,   31.072752,3786096217.484828,-2338644178.722556,31273661.207368,-1222829468.033669,    0.000000,  100.000000,    0.021321,    0.598047,    0.618904,  192.009572,    0.648868,-9999.000000
2000-08-20 24:00:00,3615834.370597,    0.000000,    0.000000,    0.000000, -889.392592,    0.000000,   39.408097,  160.410398,    0.000000,    0.000000,    0.000000,   31.071684,   17.618761,   31.071684,3797664396.437155,-2181680027.723942,-38840115.773187,-1311828489.988212,    0.000000,  100.000000,    0.083830,    2.145303,    1.172195,   39.315458,    0.628036,-9999.000000
2000-08-21 24:00:00,3615068.288485,    0.000000,    0.000000,    0.000000, -766.364017,    0.000000,   39.403319,  160.405616,    0.000000,    0.000000,    0.000000,   31.111446,   17.618761,   31.111446,3700338272.371767,-1879890932.526536,-10470735.083581,-1279423404.920388,    1.479590,  100.000000,    0.014567,    0.420593,    0.519023,  286.643917,    0.254948,-9999.000000
2000-08-22 24:00:00,3614032.964486,    0.000000,    0.000000,    0.000000,-1036.623015,    0.000000,   39.396857,  160.399141,    0.000000,    0.000000,    0.000000,   31.112823,   17.618761,   31.112823,3547671982.521428,-2542836254.862535,61532477.875200,-1126684387.722081,    0.000000,  100.000000,    0.048513,    1.280501,    0.905619,   76.823243,    0.254948,-9999.000000
2000-08-23 24:00:00,3612812.066165,    0.000000,    0.000000,    0.000000,-1223.567061,    0.000000,   39.389228,  160.391491,    0.000000,    0.000000,    0.000000,   31.079017,   17.618761,   31.079017,3754858557.236675,-3001410000.424092,133634737.757455,-1120199475.677983,    0.225634,  100.000000,    0.036684,    0.987245,    0.795184,  105.506888,    0.254948,-9999.000000
2000-08-24 24:00:00,3611869.028813,    0.000000,    0.000000,    0.000000, -945.058463,    0.000000,   39.383336,  160.385582,    0.000000,    0.000000,    0.000000,   31.106930,   17.618761,   31.106930,3788635044.768199,-2318228409.019829,1842015.014509,-1245029021.773913,    0.000000,  100.000000,    0.120446,    3.035037,    1.394240,   24.278686,    0.254948,-9999.000000
2000-08-25 24:00:00,3610986.680409,    0.000000,    0.000000,    0.000000, -884.207711,    0.000000,   39.377823,  160.380054,    0.000000,    0.000000,    0.000000,   31.109965,   17.618761,   31.109965,3547324038.323974,-2168961513.920039,-4791305.789997,-1192188301.911686,    0.000000,  100.000000,    0.030211,    0.824890,    0.726864,  131.389485,    0.254948,-9999.000000
2000-08-26 24:00:00,3610215.938039,    0.000000,    0.000000,    0.000000, -772.341924,    0.000000,   39.373007,  160.375224,    0.000000,    0.000000,    0.000000,   31.189126,   17.618761,   31.189126,3705641534.740226,-1894554740.741405,103972121.066473,-1129221841.423153,    0.000000,  100.000000,    0.023313,    0.649382,    0.644919,  175.448798,    0.254948,-9999.000000
2000-08-27 24:00:00,3609182.452383,    0.000000,    0.000000,    0.000000,-1035.593862,    0.000000,   39.366549,  160.368748,    0.000000,    0.000000,    0.000000,   31.170763,   17.618761,   31.170763,3861777903.938891,-2540311742.491313,40922665.218668,-1237424015.089030,    1.265586,  100.000000,    0.050680,    1.333896,    0.924307,   73.297001,    0.254948,-9999.000000
2000-08-28 24:00:00,3607896.445020,    0.000000,    0.000000,    0.000000,-1288.573011,    0.000000,   39.358514,  160.360690,    0.000000,    0.000000,    0.000000,   31.093898,   17.618761,   31.093898,3741579024.057336,-3160869596.863972,56135919.658870,-1251811718.690427,    0.000000,  100.000000,    0.023304,    0.649152,    0.644805,  173.101831,    0.254948,-9999.000000
2000-08-29 24:00:00,3606831.953283,    0.000000,    0.000000,    0.000000,-1066.566260,    0.000000,   39.351863,  160.354020,    0.000000,    0.000000,    0.000000,   31.080121,   17.618773,   31.080121,3826372544.030128,-2616287034.943745,-12657113.854254,-1325605061.610755,    0.000000,  100.000000,    0.080501,    2.064106,    1.149798,   41.060549,    0.254948,-9999.000000
